Date,Exercise,Weight (kg),Reps,Volume,Lift Category,Accessory Category
2024-10-31,Lat Pulldown,54.4,12,652.8,,Back
2025-01-01,Deadlift (Barbell),206.4,1,206.4,Deadlift,
2025-01-01,Deadlift (Barbell),183.7,1,183.7,Deadlift,
2025-01-01,Deadlift (Barbell),142.9,1,142.9,Deadlift,
2025-01-01,Deadlift (Barbell),102.1,1,102.1,Deadlift,
2025-01-01,Deadlift (Barbell),61.2,1,61.2,Deadlift,
2025-01-01,Deadlift (Barbell),61.2,1,61.2,Deadlift,
2025-01-14,Deadlift (Barbell),85.4,2,170.8,Deadlift,
2025-01-14,Deadlift (Barbell),85.4,2,170.8,Deadlift,
2025-01-14,Deadlift (Barbell),85.4,1,85.4,Deadlift,
2025-01-14,Pendlay Row,70.3,10,703,,Back
2025-01-14,Bench Press (Paused),40.8,3,122.4,,Other
2025-01-14,Bench Press (Paused),70.3,3,210.9,,Other
2025-01-14,Bench Press (Paused),70.3,3,210.9,,Other
2025-01-14,Bench Press (Paused),45.4,1,45.4,,Other
2025-01-14,Pendlay Row,70.3,10,703,,Back
2025-01-16,Squat (Barbell),70,3,210,Squat,
2025-01-16,Squat (Barbell),70,3,210,Squat,
2025-01-16,Squat (Barbell),70,3,210,Squat,
2025-01-16,Squat (Barbell),165,1,165,Squat,
2025-01-16,Squat (Barbell),120,3,360,Squat,
2025-01-16,Squat (Barbell),150,1,150,Squat,
2025-01-16,Bench Press (Barbell),70,1,70,Bench,
2025-01-16,Bench Press (Barbell),70,1,70,Bench,
2025-01-16,Bench Press (Barbell),100,1,100,Bench,
2025-01-16,Bench Press (Barbell),105,1,105,Bench,
2025-01-16,Bench Press (Barbell),70,1,70,Bench,
2025-01-20,Bench Press (Paused),79.8,5,399,,Other
2025-01-20,Bench Press (Paused),79.8,5,399,,Other
2025-01-20,Romanian Deadlift (Barbell),99.8,6,598.8,,Leg Accessory
2025-01-20,Romanian Deadlift (Barbell),99.8,6,598.8,,Leg Accessory
2025-01-20,Squat (Low Bar),143,3,429,Squat,
2025-01-20,Squat (Low Bar),143,3,429,Squat,
2025-01-20,Lying Leg Curl,59,5,295,,Leg Accessory
2025-01-20,Lying Leg Curl,59,5,295,,Leg Accessory
2025-01-20,Chest Supported Row (Machine),160,10,1600,,Back
2025-01-20,Chest Supported Row (Machine),160,10,1600,,Back
2025-01-21,Tempo Bench Press,85,33,2805,,Other
2025-01-21,Tempo Bench Press,85,3,255,,Other
2025-01-21,Tempo Bench Press,90,3,270,,Other
2025-01-21,Pendlay Row,36.3,5,181.5,,Back
2025-01-21,Pendlay Row,36.3,5,181.5,,Back
2025-01-21,Pendlay Row,36.3,5,181.5,,Back
2025-01-21,Deadlift (Barbell),170,3,510,Deadlift,
2025-01-21,Lat Pulldown,61.2,8,489.6,,Back
2025-01-21,Lat Pulldown,61.2,8,489.6,,Back
2025-01-21,Incline Curl (Dumbbell),20,8,160,,Chest Accessory
2025-01-21,Incline Curl (Dumbbell),20,8,160,,Chest Accessory
2025-01-21,Deadlift (Barbell),170,3,510,Deadlift,
2025-01-22,Straight Arm Pulldown,100,10,1000,,Back
2025-01-22,Straight Arm Pulldown,100,10,1000,,Back
2025-01-22,Straight Arm Pulldown,100,10,1000,,Back
2025-01-22,Rear Delt Fly (Cable),30,8,240,,Back
2025-01-22,Rear Delt Fly (Cable),30,8,240,,Back
2025-01-22,Rear Delt Fly (Cable),30,8,240,,Back
2025-01-22,Chest Supported Row (Machine),150,8,1200,,Back
2025-01-22,Chest Supported Row (Machine),150,8,1200,,Back
2025-01-22,Preacher Curl (Barbell),50,12,600,,Other
2025-01-22,Overhead Press (Barbell),43.1,3,129.3,,Shoulder
2025-01-22,Overhead Press (Barbell),43.1,3,129.3,,Shoulder
2025-01-22,Overhead Press (Barbell),45.4,3,136.2,,Shoulder
2025-01-22,Lateral Raise (Cable),20,8,160,,Back
2025-01-22,Lateral Raise (Cable),20,8,160,,Back
2025-01-22,Preacher Curl (Barbell),50,12,600,,Other
2025-01-23,Squat (Paused),124.7,2,249.4,,Other
2025-01-23,Squat (Paused),124.7,2,249.4,,Other
2025-01-23,Romanian Deadlift (Barbell),124.7,5,623.5,,Leg Accessory
2025-01-23,Romanian Deadlift (Barbell),124.7,5,623.5,,Leg Accessory
2025-01-23,Single Leg Press,90,10,900,,Leg Accessory
2025-01-23,Single Leg Press,90,10,900,,Leg Accessory
2025-01-23,Leg Extension,61.2,8,489.6,,Leg Accessory
2025-01-23,Lying Leg Curl,54.4,8,435.2,,Leg Accessory
2025-01-23,Leg Extension,61.2,8,489.6,,Leg Accessory
2025-01-23,Leg Extension,61.2,8,489.6,,Leg Accessory
2025-01-23,Lying Leg Curl,54.4,8,435.2,,Leg Accessory
2025-02-06,Rear Delt Fly (Cable),30,8,240,,Back
2025-02-06,Bench Press (Barbell),70,1,70,Bench,
2025-02-06,Bench Press (Barbell),90,1,90,Bench,
2025-02-06,Shoulder Press (Machine),49.9,10,499,,Back
2025-02-06,Shoulder Press (Machine),40.8,8,326.4,,Back
2025-02-06,Seated Row (Cable),120,10,1200,,Back
2025-02-06,Rear Delt Fly (Cable),30,10,300,,Back
2025-02-06,Seated Row (Cable),140,8,1120,,Back
2025-02-06,Preacher Curl (Barbell),50,12,600,,Other
2025-02-06,Preacher Curl (Barbell),60,12,720,,Other
2025-02-06,Shoulder Press (Machine),45.4,10,454,,Back
2025-02-06,Shoulder Press (Machine),49.9,10,499,,Back
2025-02-06,Straight Arm Pulldown,100,10,1000,,Back
2025-02-06,Straight Arm Pulldown,100,10,1000,,Back
2025-02-06,Chest Supported Row (Machine),180,8,1440,,Back
2025-02-06,Chest Supported Row (Machine),150,8,1200,,Back
2025-02-10,Leg Extension,61.2,8,489.6,,Leg Accessory
2025-02-10,Seated Row (Cable),140,8,1120,,Back
2025-02-10,Seated Row (Cable),140,8,1120,,Back
2025-02-10,Leg Extension,61.2,8,489.6,,Leg Accessory
2025-02-10,Leg Curl,47.6,12,571.2,,Leg Accessory
2025-02-10,Squat (Barbell),70,3,210,Squat,
2025-02-10,Squat (Barbell),100,3,300,Squat,
2025-02-10,Romanian Deadlift (Barbell),124.74,5,623.7,,Leg Accessory
2025-02-10,Romanian Deadlift (Barbell),100,8,800,,Leg Accessory
2025-02-10,Leg Curl,47.6,12,571.2,,Leg Accessory
2025-02-12,Lat Pulldown,61.2,8,489.6,,Back
2025-02-12,Lat Pulldown,61.2,8,489.6,,Back
2025-02-12,Bench Press (Paused),79.8,5,399,,Other
2025-02-12,Bench Press (Paused),89.8,5,449,,Other
2025-02-12,Pendlay Row,36.3,5,181.5,,Back
2025-02-12,Pendlay Row,36.3,5,181.5,,Back
2025-02-12,Deadlift (Barbell),183.7,3,551.1,Deadlift,
2025-02-12,Single-Leg Leg Curl,65,6,390,,Leg Accessory
2025-02-12,Single-Leg Leg Curl,75,5,375,,Leg Accessory
2025-02-12,Leg Press,217.7,8,1741.6,,Leg Accessory
2025-02-12,Leg Press,122.5,8,980,,Leg Accessory
2025-02-12,Deadlift (Barbell),170,3,510,Deadlift,
2025-02-14,Rear Delt Fly (Cable),30,10,300,,Back
2025-02-14,Rear Delt Fly (Cable),40,12,480,,Back
2025-02-14,Lateral Raise (Cable),20,8,160,,Back
2025-02-14,Lateral Raise (Cable),20,8,160,,Back
2025-02-14,Standing Pullover (Cable),110,10,1100,,Back
2025-02-14,Leg Extension,74.8,10,748,,Leg Accessory
2025-02-14,Leg Extension,79.4,12,952.8,,Leg Accessory
2025-02-14,Leg Curl,63.5,10,635,,Leg Accessory
2025-02-14,Leg Curl,59,8,472,,Leg Accessory
2025-02-14,Standing Pullover (Cable),120,8,960,,Back
2025-02-15,Leg Extension,79.4,12,952.8,,Leg Accessory
2025-02-15,Leg Extension,81.6,10,816,,Leg Accessory
2025-02-15,Leg Curl,59,8,472,,Leg Accessory
2025-02-15,Leg Curl,59,8,472,,Leg Accessory
2025-02-15,Leg Curl,61.2,8,489.6,,Leg Accessory
2025-02-15,Hack Squat,131.5,8,1052,,Leg Accessory
2025-02-15,Hack Squat,131.5,8,1052,,Leg Accessory
2025-02-15,Hip Thrust (Machine),180,8,1440,,Back
2025-02-15,Leg Extension,79.4,12,952.8,,Leg Accessory
2025-02-15,Bench Press (Barbell),90,3,270,Bench,
2025-02-15,Hip Thrust (Machine),122.5,8,980,,Back
2025-02-15,Lat Pulldown,63.5,10,635,,Back
2025-02-15,Bicep Curl (Machine),27.5,8,220,,Back
2025-02-15,Bicep Curl (Machine),27.5,8,220,,Back
2025-02-15,Lat Pulldown,63.5,10,635,,Back
2025-02-15,Incline Chest Press (Machine),140,6,840,,Back
2025-02-15,Bench Press (Barbell),93,5,465,Bench,
2025-02-15,Bench Press (Barbell),100,3,300,Bench,
2025-02-15,Incline Chest Press (Machine),140,6,840,,Back
2025-02-18,Squat (Barbell),68,5,340,Squat,
2025-02-18,Squat (Barbell),68,5,340,Squat,
2025-02-18,Squat (Barbell),120.2,3,360.6,Squat,
2025-02-18,Squat (Barbell),142.9,1,142.9,Squat,
2025-02-18,Squat (Barbell),143.5,5,717.5,Squat,
2025-02-18,Squat (Barbell),122,5,610,Squat,
2025-02-18,Romanian Deadlift (Barbell),100,8,800,,Leg Accessory
2025-02-18,Lying Leg Curl,54.4,8,435.2,,Leg Accessory
2025-02-18,Lying Leg Curl,63.5,10,635,,Leg Accessory
2025-02-18,Leg Extension,81.6,10,816,,Leg Accessory
2025-02-18,Leg Extension,81.6,10,816,,Leg Accessory
2025-02-18,Chest Supported Row (Machine),180,8,1440,,Back
2025-02-18,Chest Supported Row (Machine),180,8,1440,,Back
2025-02-18,Chest Supported Row (Machine),86.2,8,689.6,,Back
2025-02-18,Romanian Deadlift (Barbell),100,8,800,,Leg Accessory
2025-02-20,Bench Press (Paused),102.1,3,306.3,,Other
2025-02-20,Bench Press (Paused),102.1,3,306.3,,Other
2025-02-20,Lat Pulldown,68,6,408,,Back
2025-02-20,Lat Pulldown,68,6,408,,Back
2025-02-20,Lat Pulldown,68,6,408,,Back
2025-02-20,Pendlay Row,93,5,465,,Back
2025-02-20,Pendlay Row,83.9,5,419.5,,Back
2025-02-20,Deadlift (Barbell),183.7,3,551.1,Deadlift,
2025-02-20,Deadlift (Barbell),188.2,3,564.6,Deadlift,
2025-02-20,Leg Press,122.5,8,980,,Leg Accessory
2025-02-20,Leg Press,122.5,8,980,,Leg Accessory
2025-02-20,Single-Leg Leg Curl,75,5,375,,Leg Accessory
2025-02-20,Single-Leg Leg Curl,75,5,375,,Leg Accessory
2025-02-20,Pendlay Row,93,4,372,,Back
2025-02-21,Rear Delt Fly (Cable),40,12,480,,Back
2025-02-21,Rear Delt Fly (Cable),40,12,480,,Back
2025-02-21,Lateral Raise (Cable),20,8,160,,Back
2025-02-21,Leg Curl,61.2,10,612,,Leg Accessory
2025-02-21,Leg Curl,63.5,8,508,,Leg Accessory
2025-02-21,Lateral Raise (Cable),20,8,160,,Back
2025-02-21,Leg Extension,86.2,10,862,,Leg Accessory
2025-02-21,Straight Arm Pulldown,100,10,1000,,Back
2025-02-21,Straight Arm Pulldown,110,10,1100,,Back
2025-02-21,Lat Pulldown (Single Arm),60,6,360,,Back
2025-02-21,Lat Pulldown (Single Arm),60,6,360,,Back
2025-02-21,Leg Extension,83.9,10,839,,Leg Accessory
2025-02-22,Romanian Deadlift (Dumbbell),31.8,8,254.4,,Leg Accessory
2025-02-22,Hack Squat,163.3,8,1306.4,,Leg Accessory
2025-02-22,Hack Squat,145.1,8,1160.8,,Leg Accessory
2025-02-22,Leg Extension,86.2,10,862,,Leg Accessory
2025-02-22,Leg Curl,63.5,10,635,,Leg Accessory
2025-02-22,Leg Extension,86.2,10,862,,Leg Accessory
2025-02-22,Leg Curl,63.5,10,635,,Leg Accessory
2025-02-22,Leg Curl,63.5,8,508,,Leg Accessory
2025-02-22,Romanian Deadlift (Dumbbell),27.2,10,272,,Leg Accessory
2025-02-22,Leg Extension,86.2,10,862,,Leg Accessory
2025-02-22,Romanian Deadlift (Dumbbell),31.8,10,318,,Leg Accessory
2025-02-22,Incline Bench Press (Dumbbell),27.2,8,217.6,,Chest Accessory
2025-02-22,Bench Press (Barbell),106.6,4,426.4,Bench,
2025-02-22,Bicep Curl (Machine),70,8,560,,Back
2025-02-22,Bicep Curl (Machine),70,8,560,,Back
2025-02-22,Bench Press (Barbell),102.1,5,510.5,Bench,
2025-02-22,Lat Pulldown,68,10,680,,Back
2025-02-22,Incline Bench Press (Dumbbell),27.2,8,217.6,,Chest Accessory
2025-02-22,Lat Pulldown,68,10,680,,Back
2025-02-22,Pullover (Machine),150,12,1800,,Back
2025-02-22,Pullover (Machine),140,12,1680,,Back
2025-02-22,Pullover (Machine),140,12,1680,,Back
2025-02-22,Bench Press (Barbell),104.3,4,417.2,Bench,
2025-02-25,Squat (Barbell),129.3,5,646.5,Squat,
2025-02-25,Squat (Barbell),129.3,5,646.5,Squat,
2025-02-25,Squat (Barbell),129.3,5,646.5,Squat,
2025-02-25,Squat (Barbell),152,5,760,Squat,
2025-02-25,Squat (Barbell),129.3,5,646.5,Squat,
2025-02-25,Romanian Deadlift (Barbell),111.1,8,888.8,,Leg Accessory
2025-02-25,Romanian Deadlift (Barbell),111.1,8,888.8,,Leg Accessory
2025-02-25,Reverse Lunge (Barbell),135,8,1080,,Leg Accessory
2025-02-25,Reverse Lunge (Barbell),135,8,1080,,Leg Accessory
2025-02-25,Leg Curl,65.8,8,526.4,,Leg Accessory
2025-02-25,Chest Supported Row (Machine),180,8,1440,,Back
2025-02-25,Chest Supported Row (Machine),180,7,1260,,Back
2025-02-25,Chest Supported Row (Machine),180,7,1260,,Back
2025-02-25,Leg Curl,63.5,10,635,,Leg Accessory
2025-03-11,Pullover (Machine),140,12,1680,,Back
2025-03-11,Pullover (Machine),150,12,1800,,Back
2025-03-11,Pullover (Machine),150,12,1800,,Back
2025-03-11,Leg Extension,86.2,10,862,,Leg Accessory
2025-03-11,Leg Extension,86.2,10,862,,Leg Accessory
2025-03-11,Squat (Barbell),156.5,5,782.5,Squat,
2025-03-11,Squat (Barbell),140.6,5,703,Squat,
2025-03-11,Belt Squat,180,3,540,Squat,
2025-03-11,Belt Squat,180,3,540,Squat,
2025-03-11,Belt Squat,122.5,5,612.5,Squat,
2025-03-11,Reverse Lunge (Barbell),135,8,1080,,Leg Accessory
2025-03-11,Reverse Lunge (Barbell),135,8,1080,,Leg Accessory
2025-03-14,Lateral Raise (Cable),20,8,160,,Back
2025-03-14,Pullover (Machine),140,12,1680,,Back
2025-03-14,Pullover (Machine),140,12,1680,,Back
2025-03-14,Pullover (Machine),140,12,1680,,Back
2025-03-14,Pullover (Machine),120,12,1440,,Back
2025-03-14,Lateral Raise (Cable),20,8,160,,Back
2025-03-14,Rear Delt Fly (Cable),40,12,480,,Back
2025-03-14,Chest Fly (Machine),100,8,800,,Back
2025-03-14,Chest Fly (Machine),120,8,960,,Back
2025-03-14,Leg Curl,65.8,8,526.4,,Leg Accessory
2025-03-14,Leg Curl,54.4,8,435.2,,Leg Accessory
2025-03-14,Leg Extension,86.2,10,862,,Leg Accessory
2025-03-14,Leg Extension,88.5,10,885,,Leg Accessory
2025-03-14,Rear Delt Fly (Cable),40,12,480,,Back
2025-03-15,Romanian Deadlift (Dumbbell),27.2,10,272,,Leg Accessory
2025-03-15,Romanian Deadlift (Dumbbell),34,10,340,,Leg Accessory
2025-03-15,Romanian Deadlift (Dumbbell),31.8,10,318,,Leg Accessory
2025-03-15,Leg Extension,90.7,8,725.6,,Leg Accessory
2025-03-15,Leg Extension,90.7,8,725.6,,Leg Accessory
2025-03-15,Leg Extension,88.5,10,885,,Leg Accessory
2025-03-16,Chest Supported Row (Machine),140,10,1400,,Back
2025-03-16,Chest Supported Row (Machine),180,7,1260,,Back
2025-03-16,Bench Press (Barbell),106.6,3,319.8,Bench,
2025-03-16,Bench Press (Barbell),106.6,4,426.4,Bench,
2025-03-16,Pullover (Machine),120,12,1440,,Back
2025-03-16,Pullover (Machine),120,12,1440,,Back
2025-03-16,Pullover (Machine),120,12,1440,,Back
2025-03-18,Chest Supported Row (Machine),90.7,8,725.6,,Back
2025-03-18,Squat (Barbell),142.9,5,714.5,Squat,
2025-03-18,Chest Supported Row (Machine),140,10,1400,,Back
2025-03-18,Chest Supported Row (Machine),86.2,8,689.6,,Back
2025-03-18,Squat (Barbell),152,5,760,Squat,
2025-03-18,Single Leg Press,90,10,900,,Leg Accessory
2025-03-18,Reverse Lunge (Barbell),135,8,1080,,Leg Accessory
2025-03-18,Leg Curl,54.4,8,435.2,,Leg Accessory
2025-03-18,Leg Curl,59,8,472,,Leg Accessory
2025-03-18,Single Leg Press,90,10,900,,Leg Accessory
2025-03-18,Hip Thrust (Machine),180,8,1440,,Back
2025-03-18,Reverse Lunge (Barbell),90,6,540,,Leg Accessory
2025-03-19,Bench Press (Paused),106.6,3,319.8,,Other
2025-03-19,Bench Press (Paused),106.6,3,319.8,,Other
2025-03-19,Pendlay Row,93,5,465,,Back
2025-03-19,Pendlay Row,93,4,372,,Back
2025-03-19,Deadlift (Barbell),183.7,3,551.1,Deadlift,
2025-03-19,Deadlift (Barbell),192.8,2,385.6,Deadlift,
2025-03-19,Single-Leg Leg Curl,75,5,375,,Leg Accessory
2025-03-19,Single-Leg Leg Curl,75,8,600,,Leg Accessory
2025-03-19,Tricep Extension (Cable),100,10,1000,,Tricep
2025-03-19,Tricep Extension (Cable),100,10,1000,,Tricep
2025-03-19,Lat Pulldown,68,10,680,,Back
2025-03-19,Lat Pulldown,68,10,680,,Back
2025-03-21,Rear Delt Fly (Cable),40,12,480,,Back
2025-03-21,Rear Delt Fly (Cable),40,12,480,,Back
2025-03-21,Leg Curl,59,8,472,,Leg Accessory
2025-03-21,Leg Curl,65.8,8,526.4,,Leg Accessory
2025-03-21,Leg Extension,90.7,8,725.6,,Leg Accessory
2025-03-21,Bicep Curl (Machine),70,8,560,,Back
2025-03-21,Lateral Raise (Cable),20,8,160,,Back
2025-03-21,Lateral Raise (Cable),20,8,160,,Back
2025-03-21,Bicep Curl (Machine),70,8,560,,Back
2025-03-21,Pullover (Machine),140,10,1400,,Back
2025-03-21,Pullover (Machine),120,12,1440,,Back
2025-03-21,Leg Extension,90.7,8,725.6,,Leg Accessory
2025-03-22,Leg Curl,65.8,8,526.4,,Leg Accessory
2025-03-22,Leg Curl,65.8,8,526.4,,Leg Accessory
2025-03-22,Leg Extension,93,8,744,,Leg Accessory
2025-03-22,Hack Squat,163.3,8,1306.4,,Leg Accessory
2025-03-22,Hack Squat,172.4,8,1379.2,,Leg Accessory
2025-03-22,Leg Extension,93,8,744,,Leg Accessory
2025-03-23,Lat Pulldown,68,10,680,,Back
2025-03-23,Lat Pulldown,68,10,680,,Back
2025-03-23,Bench Press (Barbell),43.1,5,215.5,Bench,
2025-03-23,Bench Press (Barbell),63.5,5,317.5,Bench,
2025-03-23,Bench Press (Barbell),86.2,3,258.6,Bench,
2025-03-23,Bench Press (Barbell),106.6,3,319.8,Bench,
2025-03-23,Bench Press (Barbell),95.3,2,190.6,Bench,
2025-03-23,Bench Press (Barbell),104.3,3,312.9,Bench,
2025-03-23,Pullover (Machine),120,12,1440,,Back
2025-03-23,Pullover (Machine),120,12,1440,,Back
2025-03-23,Incline Chest Press (Machine),140,6,840,,Back
2025-03-23,Incline Chest Press (Machine),140,6,840,,Back
2025-03-23,Bicep Curl (Machine),70,8,560,,Back
2025-03-23,Bicep Curl (Machine),80,8,640,,Back
2025-03-23,Bench Press (Barbell),102.1,4,408.4,Bench,
2025-03-25,Chest Supported Row (Machine),86.2,8,689.6,,Back
2025-03-25,Chest Supported Row (Machine),90.7,8,725.6,,Back
2025-03-25,Chest Supported Row (Machine),90.7,8,725.6,,Back
2025-03-25,Leg Curl,68,8,544,,Leg Accessory
2025-03-25,Leg Curl,68,8,544,,Leg Accessory
2025-03-25,Single Leg Press,90,10,900,,Leg Accessory
2025-03-25,Single Leg Press,90,10,900,,Leg Accessory
2025-03-25,Squat (Barbell),152,5,760,Squat,
2025-03-25,Squat (Barbell),133.8,5,669,Squat,
2025-03-25,Leg Extension,95.3,10,953,,Leg Accessory
2025-03-25,Leg Extension,97.5,10,975,,Leg Accessory
2025-03-27,Bench Press (Paused),106.6,2,213.2,,Other
2025-03-27,Lat Pulldown,72.6,10,726,,Back
2025-03-27,Lat Pulldown,72.6,10,726,,Back
2025-03-29,Rear Delt Fly (Machine),45.4,8,363.2,,Back
2025-03-29,Rear Delt Fly (Machine),45.4,8,363.2,,Back
2025-03-29,Tempo Squat (Barbell),102.1,2,204.2,,Other
2025-03-29,Tempo Squat (Barbell),102.1,2,204.2,,Other
2025-03-29,Romanian Deadlift (Barbell),83.9,6,503.4,,Leg Accessory
2025-03-29,Romanian Deadlift (Barbell),83.9,6,503.4,,Leg Accessory
2025-03-29,Hack Squat,176.9,8,1415.2,,Leg Accessory
2025-03-29,Hack Squat,176.9,8,1415.2,,Leg Accessory
2025-03-29,Tempo Squat (Barbell),102.1,2,204.2,,Other
2025-03-30,Bench Press (Barbell),106.6,3,319.8,Bench,
2025-03-30,Bench Press (Barbell),108.9,3,326.7,Bench,
2025-03-30,Incline Chest Press (Machine),150,6,900,,Back
2025-03-30,Incline Chest Press (Machine),150,6,900,,Back
2025-03-30,Bicep Curl (Machine),80,8,640,,Back
2025-03-30,Bicep Curl (Machine),80,8,640,,Back
2025-03-30,Lat Pulldown,77.1,6,462.6,,Back
2025-03-30,Pullover (Machine),150,10,1500,,Back
2025-03-30,Pullover (Machine),150,10,1500,,Back
2025-03-30,Tricep Extension (Machine),60,6,360,,Back
2025-03-30,Tricep Extension (Machine),60,6,360,,Back
2025-03-30,Lat Pulldown,77.1,6,462.6,,Back
2025-03-31,Lateral Raise (Cable),20,8,160,,Back
2025-03-31,Lateral Raise (Cable),20,8,160,,Back
2025-03-31,Chest Fly (Machine),110,10,1100,,Back
2025-03-31,Chest Fly (Machine),110,10,1100,,Back
2025-03-31,Rear Delt Fly (Cable),50,8,400,,Back
2025-03-31,Cable Crunch,110,10,1100,,Other
2025-03-31,Cable Crunch,110,10,1100,,Other
2025-03-31,Bicep Curl (Machine),70,8,560,,Back
2025-03-31,Bicep Curl (Machine),70,8,560,,Back
2025-03-31,Rear Delt Fly (Cable),50,8,400,,Back
2025-04-01,Leg Curl,68,8,544,,Leg Accessory
2025-04-01,Leg Curl,68,8,544,,Leg Accessory
2025-04-01,Single Leg Press,90,8,720,,Leg Accessory
2025-04-01,Single Leg Press,90,8,720,,Leg Accessory
2025-04-01,Squat (Barbell),142.9,3,428.7,Squat,
2025-04-01,Romanian Deadlift (Dumbbell),34,8,272,,Leg Accessory
2025-04-01,Romanian Deadlift (Dumbbell),34,8,272,,Leg Accessory
2025-04-01,Chest Supported Row (Machine),93,8,744,,Back
2025-04-01,Chest Supported Row (Machine),93,8,744,,Back
2025-04-01,Chest Supported Row (Machine),93,8,744,,Back
2025-04-01,Squat (Barbell),152,3,456,Squat,
2025-04-03,Deadlift (Barbell),172.4,2,344.8,Deadlift,
2025-04-03,Deadlift (Barbell),183.7,2,367.4,Deadlift,
2025-04-03,Deadlift (Barbell),172.4,2,344.8,Deadlift,
2025-04-03,Deadlift (Barbell),172.4,2,344.8,Deadlift,
2025-04-03,Deadlift (Barbell),172.4,2,344.8,Deadlift,
2025-04-03,Deadlift (Barbell),172.4,2,344.8,Deadlift,
2025-04-03,Deadlift (Barbell),172.4,2,344.8,Deadlift,
2025-04-03,Deadlift (Barbell),172.4,2,344.8,Deadlift,
2025-04-03,Deadlift (Barbell),172.4,2,344.8,Deadlift,
2025-04-03,Rear Delt Fly (Cable),50,8,400,,Back
2025-04-03,Rear Delt Fly (Cable),50,8,400,,Back
2025-04-03,Face Pull,60,8,480,,Back
2025-04-03,Face Pull,60,8,480,,Back
2025-04-04,Squat (Barbell),124.7,5,623.5,Squat,
2025-04-04,Squat (Barbell),124.7,5,623.5,Squat,
2025-04-04,Squat (Barbell),124.7,5,623.5,Squat,
2025-04-04,Single-Leg Leg Curl,65,3,195,,Leg Accessory
2025-04-04,Single-Leg Leg Curl,65,6,390,,Leg Accessory
2025-04-04,Tempo Bench Press,93,3,279,,Other
2025-04-04,Tempo Bench Press,93,3,279,,Other
2025-04-04,Lat Pulldown,68,8,544,,Back
2025-04-04,Lat Pulldown,68,8,544,,Back
2025-04-05,Deadlift (Barbell),172.4,2,344.8,Deadlift,
2025-04-05,Deadlift (Barbell),152,2,304,Deadlift,
2025-04-05,Deadlift (Barbell),152,2,304,Deadlift,
2025-04-05,Deadlift (Barbell),152,2,304,Deadlift,
2025-04-05,Deadlift (Barbell),152,2,304,Deadlift,
2025-04-05,Deadlift (Barbell),152,2,304,Deadlift,
2025-04-05,Deadlift (Barbell),152,2,304,Deadlift,
2025-04-05,Deadlift (Barbell),152,2,304,Deadlift,
2025-04-05,Bicep Curl (Machine),70,6,420,,Back
2025-04-05,Rear Delt Fly (Machine),45.4,8,363.2,,Back
2025-04-05,Rear Delt Fly (Machine),45.4,8,363.2,,Back
2025-04-05,Bicep Curl (Machine),70,6,420,,Back
2025-04-05,Deadlift (Barbell),152,2,304,Deadlift,
2025-04-10,Deadlift (Barbell),152,1,152,Deadlift,
2025-04-10,Deadlift (Barbell),152,3,456,Deadlift,
2025-04-10,Deadlift (Barbell),152,3,456,Deadlift,
2025-04-10,Spoto Press,83.9,5,419.5,,Other
2025-04-10,Rear Delt Fly (Cable),50,8,400,,Back
2025-04-10,Rear Delt Fly (Cable),50,8,400,,Back
2025-04-10,Pendlay Row,102.1,3,306.3,,Back
2025-04-10,Pendlay Row,102.1,3,306.3,,Back
2025-04-10,Spoto Press,83.9,5,419.5,,Other
2025-04-11,Pullover (Machine),160,10,1600,,Back
2025-04-11,Bench Press (Barbell),111.1,3,333.3,Bench,
2025-04-11,Bench Press (Barbell),102.1,3,306.3,Bench,
2025-04-11,Pullover (Machine),160,10,1600,,Back
2025-04-11,Bench Press (Barbell),102.1,3,306.3,Bench,
2025-04-11,Leg Extension,99.8,10,998,,Leg Accessory
2025-04-11,Romanian Deadlift (Dumbbell),36.3,8,290.4,,Leg Accessory
2025-04-11,Romanian Deadlift (Dumbbell),36.3,8,290.4,,Leg Accessory
2025-04-11,Chest Fly (Machine),110,10,1100,,Back
2025-04-11,Chest Fly (Machine),120,10,1200,,Back
2025-04-11,Leg Extension,99.8,10,998,,Leg Accessory
2025-04-12,Incline Bench Press (Dumbbell),27.2,8,217.6,,Chest Accessory
2025-04-12,Incline Bench Press (Dumbbell),22.7,8,181.6,,Chest Accessory
2025-04-12,Incline Bench Press (Dumbbell),22.7,8,181.6,,Chest Accessory
2025-04-15,Leg Extension,104.3,8,834.4,,Leg Accessory
2025-04-15,Leg Extension,104.3,8,834.4,,Leg Accessory
2025-04-15,Leg Curl,63.5,6,381,,Leg Accessory
2025-04-15,Leg Curl,63.5,6,381,,Leg Accessory
2025-04-15,Leg Curl,63.5,6,381,,Leg Accessory
2025-04-17,Spoto Press,93,5,465,,Other
2025-04-17,Deadlift (Barbell),206.4,1,206.4,Deadlift,
2025-04-17,Deadlift (Barbell),165.6,3,496.8,Deadlift,
2025-04-17,Deadlift (Barbell),170.1,3,510.3,Deadlift,
2025-04-17,Spoto Press,93,5,465,,Other
2025-04-17,Leg Press,145.1,8,1160.8,,Leg Accessory
2025-04-17,Rear Delt Fly (Cable),50,6,300,,Back
2025-04-17,Pendlay Row,102.1,3,306.3,,Back
2025-04-17,Pendlay Row,102.1,3,306.3,,Back
2025-04-17,Leg Press,176.9,8,1415.2,,Leg Accessory
2025-04-17,Rear Delt Fly (Cable),50,6,300,,Back
2025-04-18,Bench Press (Barbell),100,3,300,Bench,
2025-04-18,Bench Press (Barbell),100,3,300,Bench,
2025-04-18,Squat (Barbell),120,3,360,Squat,
2025-04-18,Bench Press (Barbell),100,3,300,Bench,
2025-04-18,Squat (Barbell),140,3,420,Squat,
2025-04-18,Incline Chest Press (Machine),90,12,1080,,Back
2025-04-18,Squat (Barbell),120,3,360,Squat,
2025-04-18,Incline Chest Press (Machine),90,12,1080,,Back
2025-04-24,Leg Press,176.9,8,1415.2,,Leg Accessory
2025-04-24,Deadlift (Barbell),215.5,1,215.5,Deadlift,
2025-04-24,Deadlift (Barbell),172.4,3,517.2,Deadlift,
2025-04-24,Deadlift (Barbell),172.4,3,517.2,Deadlift,
2025-04-24,Spoto Press,95.3,5,476.5,,Other
2025-04-24,Deadlift (Barbell),183.7,3,551.1,Deadlift,
2025-04-24,Rear Delt Fly (Cable),50,6,300,,Back
2025-04-24,Rear Delt Fly (Cable),50,6,300,,Back
2025-04-24,Pendlay Row,102.1,3,306.3,,Back
2025-04-24,Pendlay Row,102.1,3,306.3,,Back
2025-04-24,Leg Press,176.9,8,1415.2,,Leg Accessory
2025-04-24,Spoto Press,95.3,5,476.5,,Other
2025-04-24,Deadlift (Barbell),183.7,1,183.7,Deadlift,
2025-04-29,Deadlift (Barbell),215.46,1,215.46,Deadlift,
2025-04-29,Squat (Barbell),120,3,360,Squat,
2025-04-29,Squat (Barbell),120.2,3,360.6,Squat,
2025-04-29,Squat (Barbell),150,3,450,Squat,
2025-04-29,Squat (Barbell),155,1,155,Squat,
2025-04-29,Squat (Barbell),140,3,420,Squat,
2025-04-29,Deadlift (Barbell),172.37,3,517.11,Deadlift,
2025-04-29,Deadlift (Barbell),183.7,1,183.7,Deadlift,
2025-04-29,Deadlift (Barbell),206.38,1,206.38,Deadlift,
2025-04-29,Deadlift (Barbell),210,1,210,Deadlift,
2025-04-29,Squat (Barbell),120.2,3,360.6,Squat,
2025-04-29,Bench Press (Paused),106.6,3,319.8,,Other
2025-04-29,Bench Press (Paused),106.6,3,319.8,,Other
2025-04-29,Deadlift (Barbell),172.37,3,517.11,Deadlift,
2025-04-30,Squat (Barbell),100,3,300,Squat,
2025-04-30,Squat (Barbell),155,1,155,Squat,
2025-04-30,Squat (Barbell),120,3,360,Squat,
2025-04-30,Chest Supported Row (Machine),72.6,8,580.8,,Back
2025-04-30,Single Leg Press,90,8,720,,Leg Accessory
2025-04-30,Single Leg Press,140,8,1120,,Leg Accessory
2025-04-30,Chest Supported Row (Machine),93,8,744,,Back
2025-05-03,Bench Press (Barbell),115.7,1,115.7,Bench,
2025-05-03,Bench Press (Barbell),113.4,1,113.4,Bench,
2025-05-03,Bench Press (Barbell),105,3,315,Bench,
2025-05-03,Bench Press (Barbell),100,3,300,Bench,
2025-05-03,Bench Press (Barbell),110,3,330,Bench,
2025-05-03,Rear Delt Fly (Cable),60,6,360,,Back
2025-05-03,Rear Delt Fly (Cable),50,6,300,,Back
2025-05-04,Pullover (Machine),160,10,1600,,Back
2025-05-04,Pullover (Machine),140,10,1400,,Back
2025-05-04,Bench Press (Wide Grip),155,4,620,,Other
2025-05-04,Pullover (Machine),140,10,1400,,Back
2025-05-04,Bench Press (Wide Grip),145,6,870,,Other
2025-05-04,Incline Chest Press (Machine),90,12,1080,,Back
2025-05-04,Incline Chest Press (Machine),90,10,900,,Back
2025-05-04,Bench Press (Wide Grip),110,6,660,,Other
2025-05-05,Squat (Barbell),95,4,380,Squat,
2025-05-05,Squat (Barbell),95,4,380,Squat,
2025-05-05,Bench Press (Paused),102.5,3,307.5,,Other
2025-05-05,Bench Press (Paused),102.5,3,307.5,,Other
2025-05-05,Bench Press (Paused),95,4,380,,Other
2025-05-05,Bench Press (Close Grip),150,10,1500,,Tricep
2025-05-05,Sumo Deadlift (Barbell),83.91,15,1258.65,,Other
2025-05-05,Sumo Deadlift (Barbell),150,4,600,,Other
2025-05-05,Leg Extension,104.3,8,834.4,,Leg Accessory
2025-05-05,Leg Extension,95.3,10,953,,Leg Accessory
2025-05-05,Lateral Raise (Cable),20,8,160,,Back
2025-05-05,Lateral Raise (Cable),15,10,150,,Back
2025-05-05,Bench Press (Close Grip),135,8,1080,,Tricep
2025-05-08,Rear Delt Fly (Cable),30,20,600,,Back
2025-05-08,Deadlift (Barbell),195,1,195,Deadlift,
2025-05-08,Deadlift (Barbell),183.7,3,551.1,Deadlift,
2025-05-08,Spoto Press,97.5,5,487.5,,Other
2025-05-08,Rear Delt Fly (Cable),30,20,600,,Back
2025-05-08,Spoto Press,97.5,5,487.5,,Other
2025-05-08,Pendlay Row,83.9,8,671.2,,Back
2025-05-08,Lying Leg Curl,130,8,1040,,Leg Accessory
2025-05-08,Lying Leg Curl,130,8,1040,,Leg Accessory
2025-05-08,Lying Leg Curl,130,8,1040,,Leg Accessory
2025-05-08,Lying Leg Curl,130,8,1040,,Leg Accessory
2025-05-08,Pendlay Row,83.9,8,671.2,,Back
2025-05-09,Pull-Up (Weighted),20.4,3,61.2,,Back
2025-05-09,Pull-Up (Weighted),20.4,3,61.2,,Back
2025-05-09,Pull-Up (Weighted),20.4,3,61.2,,Back
2025-05-09,Squat (Barbell),120.2,6,721.2,Squat,
2025-05-09,Squat (Barbell),120.2,6,721.2,Squat,
2025-05-09,Squat (Barbell),102.1,6,612.6,Squat,
2025-05-09,Leg Extension,81.6,8,652.8,,Leg Accessory
2025-05-09,Leg Extension,81.6,8,652.8,,Leg Accessory
2025-05-09,Shrug (Dumbbell),70,8,560,,Back
2025-05-09,Shrug (Dumbbell),70,8,560,,Back
2025-05-09,Shrug (Dumbbell),70,8,560,,Back
2025-05-09,Kettlebell Swing,31,6,186,,Other
2025-05-09,Kettlebell Swing,31,6,186,,Other
2025-05-09,Bicep Curl (Machine),50,8,400,,Back
2025-05-09,Bicep Curl (Machine),50,8,400,,Back
2025-05-09,Leg Extension,83.9,8,671.2,,Leg Accessory
2025-05-10,Romanian Deadlift (Dumbbell),27.2,8,217.6,,Leg Accessory
2025-05-10,Lat Pulldown,63.5,8,508,,Back
2025-05-10,Lat Pulldown,63.5,8,508,,Back
2025-05-10,Romanian Deadlift (Dumbbell),27.2,8,217.6,,Leg Accessory
2025-05-10,Chest Supported Row (Machine),63.5,8,508,,Back
2025-05-10,Hack Squat,120.2,6,721.2,,Leg Accessory
2025-05-10,Hack Squat,120.2,6,721.2,,Leg Accessory
2025-05-10,Chest Fly (Machine),120,8,960,,Back
2025-05-10,Hack Squat,120.2,6,721.2,,Leg Accessory
2025-05-10,Chest Fly (Machine),120,8,960,,Back
2025-05-10,Chest Supported Row (Machine),63.5,8,508,,Back
2025-05-12,Squat (Barbell),154.2,3,462.6,Squat,
2025-05-12,Squat (Barbell),131.5,3,394.5,Squat,
2025-05-12,Squat (Barbell),132.5,3,397.5,Squat,
2025-05-12,Leg Press,122.5,8,980,,Leg Accessory
2025-05-12,Leg Press,122.5,8,980,,Leg Accessory
2025-05-12,Leg Press,122.5,8,980,,Leg Accessory
2025-05-12,Bench Press (Paused),82.5,3,247.5,,Other
2025-05-12,Bench Press (Paused),82.5,3,247.5,,Other
2025-05-12,Sumo Deadlift (Barbell),120.2,3,360.6,,Other
2025-05-12,Sumo Deadlift (Barbell),120.2,3,360.6,,Other
2025-05-12,Lateral Raise (Cable),20,12,240,,Back
2025-05-12,Lateral Raise (Cable),20,12,240,,Back
2025-05-12,Bench Press (Paused),97.5,3,292.5,,Other
2025-05-15,Pendlay Row,83.9,8,671.2,,Back
2025-05-15,Spoto Press,88.5,5,442.5,,Other
2025-05-15,Spoto Press,165,5,825,,Other
2025-05-15,Deadlift (Barbell),197.3,1,197.3,Deadlift,
2025-05-15,Deadlift (Barbell),167.8,3,503.4,Deadlift,
2025-05-15,Deadlift (Barbell),167.8,3,503.4,Deadlift,
2025-05-15,Pendlay Row,83.9,8,671.2,,Back
2025-05-15,Rear Delt Fly (Cable),30,20,600,,Back
2025-05-15,Lying Leg Curl,59,8,472,,Leg Accessory
2025-05-15,Lying Leg Curl,59,8,472,,Leg Accessory
2025-05-15,Lying Leg Curl,59,8,472,,Leg Accessory
2025-05-15,Rear Delt Fly (Cable),30,20,600,,Back
2025-05-15,Pullover (Machine),140,10,1400,,Back
2025-05-15,Pullover (Machine),140,10,1400,,Back
2025-05-15,Lying Leg Curl,59,8,472,,Leg Accessory
2025-05-17,Chest Supported Row (Machine),68,8,544,,Back
2025-05-17,Chest Supported Row (Machine),68,8,544,,Back
2025-05-17,Lat Pulldown,63.5,8,508,,Back
2025-05-17,Lat Pulldown,63.5,8,508,,Back
2025-05-17,Bench Press (Barbell),106.6,3,319.8,Bench,
2025-05-19,Lateral Raise (Cable),30,12,360,,Back
2025-05-19,Squat (Barbell),135,3,405,Squat,
2025-05-19,Lateral Raise (Cable),30,12,360,,Back
2025-05-19,Squat (Barbell),160,3,480,Squat,
2025-05-19,Bench Press (Barbell),104.3,3,312.9,Bench,
2025-05-19,Bench Press (Barbell),93,3,279,Bench,
2025-05-19,Bench Press (Barbell),95,3,285,Bench,
2025-05-19,Bench Press (Barbell),86.2,3,258.6,Bench,
2025-05-19,Bench Press (Barbell),108.9,1,108.9,Bench,
2025-05-23,Squat (Barbell),152.5,1,152.5,Squat,
2025-05-23,Squat (Barbell),152.5,1,152.5,Squat,
2025-05-23,Squat (Barbell),150,1,150,Squat,
2025-05-23,Squat (Barbell),135,3,405,Squat,
2025-05-23,Squat (Barbell),135,3,405,Squat,
2025-05-23,Squat (Barbell),160,1,160,Squat,
2025-05-29,Bench Press (Barbell),110,1,110,Bench,
2025-05-29,Bench Press (Barbell),108.9,1,108.9,Bench,
2025-05-29,Bench Press (Barbell),83.9,5,419.5,Bench,
2025-05-29,Bench Press (Barbell),106.6,1,106.6,Bench,
2025-06-03,Bench Press (Barbell),102.1,1,102.1,Bench,
2025-06-03,Bench Press (Barbell),95.3,3,285.9,Bench,
2025-06-03,Bench Press (Barbell),106.6,3,319.8,Bench,
2025-06-03,Bench Press (Barbell),111.1,1,111.1,Bench,
2025-06-03,Squat (Barbell),74.8,3,224.4,Squat,
2025-06-05,Spoto Press,88.5,5,442.5,,Other
2025-06-05,Spoto Press,165,5,825,,Other
2025-06-05,Deadlift (Barbell),210.9,1,210.9,Deadlift,
2025-06-05,Deadlift (Barbell),179.2,3,537.6,Deadlift,
2025-06-05,Chest Supported Row (Machine),100,12,1200,,Back
2025-06-05,Chest Supported Row (Machine),100,12,1200,,Back
2025-06-05,Lying Leg Curl,40.8,15,612,,Leg Accessory
2025-06-05,Lying Leg Curl,40.8,15,612,,Leg Accessory
2025-06-05,Lying Leg Curl,40.8,15,612,,Leg Accessory
2025-06-05,Rear Delt Fly (Cable),30,15,450,,Back
2025-06-05,Rear Delt Fly (Cable),30,15,450,,Back
2025-06-05,Pullover (Machine),160,10,1600,,Back
2025-06-05,Pullover (Machine),160,10,1600,,Back
2025-06-05,Lying Leg Curl,40.8,15,612,,Leg Accessory
2025-06-10,Lateral Raise (Cable),20,12,240,,Back
2025-06-10,Lateral Raise (Cable),20,12,240,,Back
2025-06-10,Bench Press (Barbell),97.5,3,292.5,Bench,
2025-06-10,Bench Press (Barbell),93,3,279,Bench,
2025-06-10,Bench Press (Barbell),108.9,3,326.7,Bench,
2025-06-12,Pullover (Machine),160,10,1600,,Back
2025-06-12,Pullover (Machine),160,10,1600,,Back
2025-06-12,Rear Delt Fly (Cable),30,15,450,,Back
2025-06-12,Rear Delt Fly (Cable),30,15,450,,Back
2025-06-12,Chest Supported Row (Machine),49.9,8,399.2,,Back
2025-06-12,Chest Supported Row (Machine),49.9,8,399.2,,Back
2025-06-12,Spoto Press,165,5,825,,Other
2025-06-12,Spoto Press,88.5,5,442.5,,Other
2025-06-14,Squat (Barbell),152,1,152,Squat,
2025-06-14,Squat (Barbell),140,3,420,Squat,
2025-06-14,Squat (Barbell),120,3,360,Squat,
2025-06-14,Squat (Barbell),142.9,1,142.9,Squat,
2025-06-14,Squat (Barbell),152,1,152,Squat,
2025-06-14,Squat (Barbell),124.7,3,374.1,Squat,
2025-06-14,Squat (Barbell),142.9,1,142.9,Squat,
2025-06-15,Deadlift (Barbell),210.9,1,210.9,Deadlift,
2025-06-15,Squat (Barbell),93,4,372,Squat,
2025-06-15,Squat (Barbell),70.3,4,281.2,Squat,
2025-06-15,Bench Press (Barbell),108.9,1,108.9,Bench,
2025-06-15,Bench Press (Barbell),113.4,1,113.4,Bench,
2025-06-17,Bench Press (Barbell),93,3,279,Bench,
2025-06-17,Leg Press,163.3,4,653.2,,Leg Accessory
2025-06-17,Leg Press,163.3,4,653.2,,Leg Accessory
2025-06-17,Leg Press,204.1,4,816.4,,Leg Accessory
2025-06-17,Leg Press,226.8,4,907.2,,Leg Accessory
2025-06-17,Bench Press (Barbell),97.5,3,292.5,Bench,
2025-06-17,Bench Press (Barbell),104.3,1,104.3,Bench,
2025-06-17,Bench Press (Barbell),93,3,279,Bench,
2025-06-17,Leg Press,226.8,4,907.2,,Leg Accessory
2025-06-17,Leg Curl,63.5,6,381,,Leg Accessory
2025-06-17,Leg Curl,38.6,12,463.2,,Leg Accessory
2025-06-17,Chest Press (Machine),180,8,1440,,Back
2025-06-17,Leg Extension,86.2,8,689.6,,Leg Accessory
2025-06-17,Chest Press (Machine),90.7,8,725.6,,Back
2025-06-17,Chest Press (Machine),108.9,8,871.2,,Back
2025-06-17,Leg Extension,81.6,8,652.8,,Leg Accessory
2025-06-17,Leg Extension,83.9,8,671.2,,Leg Accessory
2025-06-17,Bench Press (Barbell),83.9,3,251.7,Bench,
2025-06-18,Leg Press,204.1,6,1224.6,,Leg Accessory
2025-06-18,Leg Press,204.1,6,1224.6,,Leg Accessory
2025-06-18,Leg Press,204.1,6,1224.6,,Leg Accessory
2025-06-18,Leg Press,163.3,4,653.2,,Leg Accessory
2025-06-19,Spoto Press,88.5,5,442.5,,Other
2025-06-19,Deadlift (Barbell),170.1,3,510.3,Deadlift,
2025-06-19,Deadlift (Barbell),199.6,1,199.6,Deadlift,
2025-06-19,Spoto Press,165,5,825,,Other
2025-06-21,Squat (Barbell),124.7,5,623.5,Squat,
2025-06-21,Squat (Barbell),124.7,5,623.5,Squat,
2025-06-25,Squat (Barbell),124.7,5,623.5,Squat,
2025-06-25,Squat (Barbell),124.7,5,623.5,Squat,
2025-06-25,Squat (Barbell),124.7,5,623.5,Squat,
2025-06-25,Deadlift (Barbell),181.4,3,544.2,Deadlift,
2025-06-27,Squat (Barbell),142.9,3,428.7,Squat,
2025-06-27,Squat (Barbell),142.9,3,428.7,Squat,
2025-06-27,Bench Press (Barbell),86.2,5,431,Bench,
2025-06-27,Squat (Barbell),142.9,3,428.7,Squat,
2025-06-27,Bench Press (Barbell),88.5,5,442.5,Bench,
2025-06-27,Leg Extension,68,12,816,,Leg Accessory
2025-06-27,Leg Extension,68,12,816,,Leg Accessory
2025-06-27,Bench Press (Barbell),88.5,5,442.5,Bench,
2025-06-28,Bench Press (Barbell),93,3,279,Bench,
2025-06-28,Bench Press (Barbell),93,3,279,Bench,
2025-06-28,Bench Press (Barbell),93,3,279,Bench,
2025-06-28,Deadlift (Barbell),142.9,2,285.8,Deadlift,
2025-06-28,Seated Hamstring Curl,80,12,960,,Leg Accessory
2025-06-28,Seated Hamstring Curl,80,12,960,,Leg Accessory
2025-06-28,Deadlift (Barbell),142.9,3,428.7,Deadlift,
2025-07-01,Squat (Barbell),54.4,3,163.2,Squat,
2025-07-01,Bench Press (Barbell),97.5,3,292.5,Bench,
2025-07-01,Bench Press (Barbell),88.5,3,265.5,Bench,
2025-07-01,Bench Press (Barbell),88.5,3,265.5,Bench,
2025-07-01,Bench Press (Barbell),83.9,3,251.7,Bench,
2025-07-01,Bench Press (Barbell),83.9,3,251.7,Bench,
2025-07-01,Squat (Barbell),142.9,3,428.7,Squat,
2025-07-01,Squat (Barbell),129.3,3,387.9,Squat,
2025-07-01,Squat (Barbell),124.7,3,374.1,Squat,
2025-07-01,Bench Press (Barbell),83.9,3,251.7,Bench,
2025-07-01,Squat (Barbell),122.5,3,367.5,Squat,
2025-07-01,Sumo Deadlift (Barbell),79.4,10,794,,Other
2025-07-01,Sumo Deadlift (Barbell),79.4,10,794,,Other
2025-07-01,Chest Supported Row (Machine),81.6,6,489.6,,Back
2025-07-01,Chest Supported Row (Machine),81.6,6,489.6,,Back
2025-07-01,Rear Delt Fly (Cable),30,15,450,,Back
2025-07-01,Rear Delt Fly (Cable),40,12,480,,Back
2025-07-01,Incline Bench Press (Dumbbell),22.7,8,181.6,,Chest Accessory
2025-07-01,Incline Bench Press (Dumbbell),18.1,8,144.8,,Chest Accessory
2025-07-01,Squat (Barbell),122.5,3,367.5,Squat,
2025-07-02,Bench Press (Barbell),85,4,340,Bench,
2025-07-02,Bench Press (Barbell),80,4,320,Bench,
2025-07-02,Bench Press (Barbell),80,4,320,Bench,
2025-07-02,Deadlift (Barbell),163.3,3,489.9,Deadlift,
2025-07-02,Deadlift (Barbell),138.3,3,414.9,Deadlift,
2025-07-02,Deadlift (Barbell),140,3,420,Deadlift,
2025-07-02,Lat Pulldown,68,6,408,,Back
2025-07-02,Lat Pulldown,68,6,408,,Back
2025-07-02,Lat Pulldown,68,6,408,,Back
2025-07-02,Front Squat (Barbell),122.5,6,735,,Other
2025-07-02,Front Squat (Barbell),163.3,6,979.8,,Other
2025-07-02,Front Squat (Barbell),163.3,6,979.8,,Other
2025-07-02,Front Squat (Barbell),163.3,6,979.8,,Other
2025-07-02,Deadlift (Barbell),140,3,420,Deadlift,
2025-07-05,Bicep Curl (Machine),30,8,240,,Back
2025-07-05,Bicep Curl (Machine),60,8,480,,Back
2025-07-05,Deadlift (Barbell),80,2,160,Deadlift,
2025-07-05,Deadlift (Barbell),75,2,150,Deadlift,
2025-07-05,Deadlift (Barbell),75,2,150,Deadlift,
2025-07-05,Deadlift (Barbell),75,2,150,Deadlift,
2025-07-05,Rear Delt Fly (Cable),30,12,360,,Back
2025-07-05,Chest Fly (Machine),120,8,960,,Back
2025-07-05,Chest Fly (Machine),100,8,800,,Back
2025-07-05,Deadlift (Barbell),75,2,150,Deadlift,
2025-07-05,Rear Delt Fly (Cable),30,12,360,,Back
2025-07-05,Chest Fly (Machine),100,8,800,,Back
2025-07-08,Chest Supported Row (Machine),81.6,6,489.6,,Back
2025-07-08,Bench Press (Barbell),100,3,300,Bench,
2025-07-08,Bench Press (Barbell),90,3,270,Bench,
2025-07-08,Bench Press (Barbell),90,3,270,Bench,
2025-07-08,Bench Press (Barbell),85,3,255,Bench,
2025-07-08,Bench Press (Barbell),85,3,255,Bench,
2025-07-08,Bench Press (Barbell),85,3,255,Bench,
2025-07-08,Squat (Barbell),152,3,456,Squat,
2025-07-08,Chest Supported Row (Machine),81.6,6,489.6,,Back
2025-07-08,Squat (Barbell),136.1,3,408.3,Squat,
2025-07-08,Squat (Barbell),131.5,3,394.5,Squat,
2025-07-08,Squat (Barbell),129.3,3,387.9,Squat,
2025-07-08,Squat (Barbell),129.3,3,387.9,Squat,
2025-07-08,Sumo Deadlift (Barbell),79.4,10,794,,Other
2025-07-08,Sumo Deadlift (Barbell),79.4,10,794,,Other
2025-07-08,Squat (Barbell),136.1,3,408.3,Squat,
2025-07-09,Bench Press (Barbell),85,4,340,Bench,
2025-07-09,Bench Press (Barbell),80,4,320,Bench,
2025-07-09,Deadlift (Barbell),170,3,510,Deadlift,
2025-07-09,Deadlift (Barbell),145,3,435,Deadlift,
2025-07-09,Bench Press (Barbell),80,4,320,Bench,
2025-07-09,Deadlift (Barbell),145,3,435,Deadlift,
2025-07-09,Lat Pulldown,68,6,408,,Back
2025-07-09,Lat Pulldown,68,6,408,,Back
2025-07-09,Lat Pulldown,68,6,408,,Back
2025-07-09,Deadlift (Barbell),145,3,435,Deadlift,
2025-07-11,Hack Squat,113.4,4,453.6,,Leg Accessory
2025-07-11,Hack Squat,90.7,4,362.8,,Leg Accessory
2025-07-11,Hack Squat,90.7,4,362.8,,Leg Accessory
2025-07-11,Hack Squat,90.7,4,362.8,,Leg Accessory
2025-07-11,Hack Squat,90.7,4,362.8,,Leg Accessory
2025-07-11,Wrist Curls,25,12,300,,Other
2025-07-11,Wrist Curls,25,12,300,,Other
2025-07-11,Wrist Curls,25,12,300,,Other
2025-07-11,Wrist Curls,75,5,375,,Other
2025-07-11,Wrist Curls,25,12,300,,Other
2025-07-11,Leg Press,163.3,8,1306.4,,Leg Accessory
2025-07-11,Leg Press,163.3,8,1306.4,,Leg Accessory
2025-07-11,Leg Press,186,8,1488,,Leg Accessory
2025-07-11,Bench Press (Barbell),70.3,4,281.2,Bench,
2025-07-11,Bench Press (Barbell),61.2,6,367.2,Bench,
2025-07-11,Wrist Curls,75,5,375,,Other
2025-07-11,Bench Press (Barbell),59,6,354,Bench,
2025-07-15,Bench Press (Barbell),95,3,285,Bench,
2025-07-15,Bench Press (Barbell),105,3,315,Bench,
2025-07-15,Bench Press (Barbell),90,3,270,Bench,
2025-07-15,Squat (Barbell),160,3,480,Squat,
2025-07-15,Bench Press (Barbell),90,3,270,Bench,
2025-07-15,Squat (Barbell),145,3,435,Squat,
2025-07-16,Deadlift (Barbell),155,3,465,Deadlift,
2025-07-16,Deadlift (Barbell),185,3,555,Deadlift,
2025-07-16,Bench Press (Barbell),38.6,4,154.4,Bench,
2025-07-16,Bench Press (Barbell),40.8,4,163.2,Bench,
2025-07-19,Leg Press,204.1,8,1632.8,,Leg Accessory
2025-07-19,Leg Press,204.1,8,1632.8,,Leg Accessory
2025-07-22,Bench Press (Barbell),95,3,285,Bench,
2025-07-22,Bench Press (Barbell),102.2,2,204.4,Bench,
2025-07-22,Squat (Barbell),160,3,480,Squat,
2025-07-22,Bench Press (Barbell),105,3,315,Bench,
2025-07-22,Squat (Barbell),145,3,435,Squat,
2025-07-22,Chest Supported Row (Machine),99.8,8,798.4,,Back
2025-07-22,Chest Supported Row (Machine),99.8,8,798.4,,Back
2025-07-22,Squat (Barbell),145,3,435,Squat,
2025-07-24,Deadlift (Barbell),195,3,585,Deadlift,
2025-07-25,Squat (Barbell),154.323582,1,154.323582,Squat,
2025-07-25,Squat (Barbell),160,3,480,Squat,
2025-07-25,Squat (Barbell),145,3,435,Squat,
2025-07-25,Squat (Barbell),145,3,435,Squat,
2025-07-25,Squat (Barbell),131.5,3,394.5,Squat,
2025-07-25,Squat (Barbell),127.5,3,382.5,Squat,
2025-07-25,Squat (Barbell),127.5,3,382.5,Squat,
2025-07-25,Squat (Barbell),154.323582,1,154.323582,Squat,
2025-07-25,Squat (Barbell),154.323582,1,154.323582,Squat,
2025-07-25,Squat (Barbell),154.323582,1,154.323582,Squat,
2025-07-25,Squat (Barbell),182.9836758,1,182.9836758,Squat,
2025-07-25,Squat (Barbell),155,1,155,Squat,
2025-07-25,Squat (Barbell),100,1,100,Squat,
2025-07-25,Squat (Barbell),110,1,110,Squat,
2025-07-25,Squat (Barbell),120,1,120,Squat,
2025-07-25,Squat (Barbell),150,1,150,Squat,
2025-07-25,Deadlift (Barbell),195,2,390,Deadlift,
2025-07-25,Deadlift (Barbell),155,3,465,Deadlift,
2025-07-25,Deadlift (Barbell),145,3,435,Deadlift,
2025-07-25,Deadlift (Barbell),145,3,435,Deadlift,
2025-07-25,Deadlift (Barbell),195,1,195,Deadlift,
2025-07-25,Squat (Barbell),182.9836758,1,182.9836758,Squat,
2025-07-25,Squat (Barbell),160,1,160,Squat,
2025-07-29,Squat (Barbell),155,3,465,Squat,
2025-07-29,Bench Press (Barbell),110,3,330,Bench,
2025-07-29,Bench Press (Barbell),100,3,300,Bench,
2025-07-29,Bench Press (Barbell),100,2,200,Bench,
2025-07-29,Squat (Barbell),170,3,510,Squat,
2025-07-29,Squat (Barbell),155,2,310,Squat,
2025-07-29,Leg Press,81.6,8,652.8,,Leg Accessory
2025-07-29,Leg Press,81.6,8,652.8,,Leg Accessory
2025-07-29,Leg Press,167.8,8,1342.4,,Leg Accessory
2025-07-29,Leg Press,204.1,8,1632.8,,Leg Accessory
2025-07-29,Leg Press,204.1,8,1632.8,,Leg Accessory
2025-07-31,Deadlift (Barbell),205,3,615,Deadlift,
2025-08-02,Back Extension (Weighted),15.9,6,95.4,,Back
2025-08-02,Back Extension (Weighted),20.4,8,163.2,,Back
2025-08-02,Chest Supported Row (Machine),95.3,6,571.8,,Back
2025-08-02,Chest Supported Row (Machine),81.6,6,489.6,,Back
2025-08-02,Chest Supported Row (Machine),99.8,8,798.4,,Back
2025-08-05,Bench Press (Barbell),111,2,222,Bench,
2025-08-05,Bench Press (Barbell),100,2,200,Bench,
2025-08-05,Bench Press (Barbell),100,2,200,Bench,
2025-08-05,Bench Press (Barbell),115,1,115,Bench,
2025-08-05,Deadlift (Barbell),125,1,125,Deadlift,
2025-08-05,Deadlift (Barbell),206,1,206,Deadlift,
2025-08-05,Deadlift (Barbell),155,1,155,Deadlift,
2025-08-05,Deadlift (Barbell),190,1,190,Deadlift,
2025-08-05,Deadlift (Barbell),210,1,210,Deadlift,
2025-08-05,Bench Press (Barbell),116.5,1,116.5,Bench,
2025-08-13,Bench Press (Barbell),45.4,3,136.2,Bench,
2025-08-13,Bench Press (Barbell),54.4,3,163.2,Bench,
2025-08-13,Bench Press (Barbell),47.6,3,142.8,Bench,
2025-08-13,Bench Press (Barbell),95.3,5,476.5,Bench,
2025-08-13,Bench Press (Barbell),47.6,3,142.8,Bench,
2025-08-13,Squat (Barbell),77.1,3,231.3,Squat,
2025-08-13,Squat (Barbell),68,3,204,Squat,
2025-08-13,Squat (Barbell),124.7,5,623.5,Squat,
2025-08-13,Romanian Deadlift (Dumbbell),27.2,5,136,,Leg Accessory
2025-08-13,Squat (Barbell),65.8,3,197.4,Squat,
2025-08-13,Romanian Deadlift (Dumbbell),27.2,8,217.6,,Leg Accessory
2025-08-13,Romanian Deadlift (Dumbbell),31.8,8,254.4,,Leg Accessory
2025-08-13,Squat (Barbell),70.3,3,210.9,Squat,
2025-08-14,Deadlift (Barbell),97.5,3,292.5,Deadlift,
2025-08-14,Deadlift (Barbell),83.9,3,251.7,Deadlift,
2025-08-14,Pendlay Row,83.9,8,671.2,,Back
2025-08-14,Deadlift (Barbell),156.5,5,782.5,Deadlift,
2025-08-14,Pendlay Row,102.1,4,408.4,,Back
2025-08-14,Single Leg Press,140,8,1120,,Leg Accessory
2025-08-14,Single Leg Press,150,8,1200,,Leg Accessory
2025-08-14,Pendlay Row,83.9,8,671.2,,Back
2025-08-16,Squat (Barbell),127,4,508,Squat,
2025-08-16,Squat (Barbell),102.1,4,408.4,Squat,
2025-08-16,Squat (Barbell),111.1,4,444.4,Squat,
2025-08-16,Stiff Leg Deadlift,136.1,4,544.4,,Other
2025-08-16,Leg Extension,93,8,744,,Leg Accessory
2025-08-16,Stiff Leg Deadlift,136.1,4,544.4,,Other
2025-08-16,Leg Extension,68,12,816,,Leg Accessory
2025-08-16,Leg Extension,97.5,8,780,,Leg Accessory
2025-08-16,Spoto Press,93,3,279,,Other
2025-08-16,Leg Curl,63.5,8,508,,Leg Accessory
2025-08-16,Shrug (Barbell),86.2,12,1034.4,,Back
2025-08-16,Shrug (Barbell),86.2,12,1034.4,,Back
2025-08-16,Chest Supported Row (Machine),95.3,6,571.8,,Back
2025-08-16,Leg Curl,38.6,12,463.2,,Leg Accessory
2025-08-16,Spoto Press,83.9,5,419.5,,Other
2025-08-16,Leg Curl,63.5,8,508,,Leg Accessory
2025-08-16,Chest Supported Row (Machine),81.6,6,489.6,,Back
2025-08-20,Romanian Deadlift (Dumbbell),27.2,5,136,,Leg Accessory
2025-08-20,Romanian Deadlift (Dumbbell),31.8,8,254.4,,Leg Accessory
2025-08-20,Leg Press,90.7,8,725.6,,Leg Accessory
2025-08-20,Squat (Barbell),152,3,456,Squat,
2025-08-20,Squat (Barbell),133.8,4,535.2,Squat,
2025-08-20,Squat (Barbell),156.5,3,469.5,Squat,
2025-08-20,Squat (Barbell),174.6,3,523.8,Squat,
2025-08-20,Bench Press (Barbell),102.1,3,306.3,Bench,
2025-08-20,Bench Press (Barbell),95.3,4,381.2,Bench,
2025-08-20,Bench Press (Barbell),106.6,3,319.8,Bench,
2025-08-20,Bench Press (Barbell),117.9,3,353.7,Bench,
2025-08-20,Leg Press,81.6,8,652.8,,Leg Accessory
2025-08-21,Deadlift (Barbell),220,3,660,Deadlift,
2025-08-21,Pendlay Row,70.3,8,562.4,,Back
2025-08-21,Pendlay Row,83.9,6,503.4,,Back
2025-08-26,Squat (Barbell),156.5,3,469.5,Squat,
2025-08-26,Squat (Barbell),174.6,3,523.8,Squat,
2025-08-26,Bench Press (Barbell),100,2,200,Bench,
2025-08-26,Bench Press (Barbell),106.6,3,319.8,Bench,
2025-08-26,Bench Press (Barbell),117.9,3,353.7,Bench,
2025-08-27,Bench Press (Barbell),100,4,400,Bench,
2025-08-27,Bench Press (Barbell),95,4,380,Bench,
2025-08-27,Deadlift (Barbell),220,3,660,Deadlift,
2025-08-27,Front Squat (Barbell),122.5,5,612.5,,Other
2025-08-27,Front Squat (Barbell),122.5,5,612.5,,Other
2025-08-27,Front Squat (Barbell),163.3,7,1143.1,,Other
2025-08-27,Deadlift (Barbell),186,3,558,Deadlift,
2025-08-29,Romanian Deadlift (Barbell),80,8,640,,Leg Accessory
2025-08-29,Romanian Deadlift (Barbell),70,8,560,,Leg Accessory
2025-08-29,Romanian Deadlift (Barbell),70,8,560,,Leg Accessory
2025-09-01,Squat (Barbell),150,2,300,Squat,
2025-09-01,Squat (Barbell),160,1,160,Squat,
2025-09-01,Squat (Barbell),160,1,160,Squat,
2025-09-01,Bench Press (Barbell),100,2,200,Bench,
2025-09-01,Bench Press (Barbell),105,1,105,Bench,
2025-09-01,Leg Press,204.1,5,1020.5,,Leg Accessory
2025-09-01,Bench Press (Barbell),105,1,105,Bench,
2025-09-01,Leg Press,204.1,5,1020.5,,Leg Accessory
2025-09-01,Leg Press,204.1,5,1020.5,,Leg Accessory
2025-09-02,Long Pause Bench Press,88.5,2,177,,Other
2025-09-02,Long Pause Bench Press,88.5,2,177,,Other
2025-09-02,Long Pause Bench Press,88.5,2,177,,Other
2025-09-02,Long Pause Bench Press,88.5,2,177,,Other
2025-09-02,Bench Press (Close Grip),81.6,3,244.8,,Tricep
2025-09-02,Bench Press (Close Grip),81.6,3,244.8,,Tricep
2025-09-02,Tricep Extension (Cable),130,3,390,,Tricep
2025-09-02,Tricep Extension (Cable),130,3,390,,Tricep
2025-09-02,Tricep Extension (Cable),130,3,390,,Tricep
2025-09-02,Lat Pulldown,77.1,10,771,,Back
2025-09-02,Lat Pulldown,77.1,10,771,,Back
2025-09-02,Lat Pulldown,77.1,10,771,,Back
2025-09-02,Bench Press (Close Grip),81.6,3,244.8,,Tricep
2025-09-04,Deadlift (Barbell),160,1,160,Deadlift,
2025-09-04,Deadlift (Barbell),185,1,185,Deadlift,
2025-09-04,Deadlift (Barbell),195,1,195,Deadlift,
2025-09-04,Deadlift (Barbell),205,1,205,Deadlift,
2025-09-04,Deadlift (Barbell),185,1,185,Deadlift,
2025-09-04,Squat (Barbell),160,1,160,Squat,
2025-09-04,Hip Thrust (Machine),90,10,900,,Back
2025-09-04,Hip Thrust (Machine),90,10,900,,Back
2025-09-04,Hip Thrust (Machine),180,10,1800,,Back
2025-09-04,Squat (Barbell),150,1,150,Squat,
2025-09-06,Spoto Press,95.3,3,285.9,,Other
2025-09-06,Bench Press (Barbell),95,1,95,Bench,
2025-09-06,Bench Press (Barbell),100,1,100,Bench,
2025-09-06,Bench Press (Barbell),105,1,105,Bench,
2025-09-08,Squat (Barbell),157.5,1,157.5,Squat,
2025-09-08,Squat (Barbell),165,1,165,Squat,
2025-09-08,Squat (Barbell),170,1,170,Squat,
2025-09-08,Bench Press (Barbell),102.5,1,102.5,Bench,
2025-09-08,Bench Press (Barbell),107.5,1,107.5,Bench,
2025-09-08,Bench Press (Barbell),112.5,1,112.5,Bench,
2025-09-08,Squat (Paused),153.1,2,306.2,,Other
2025-09-08,Squat (Barbell),175,1,175,Squat,
2025-09-09,Deadlift (Barbell),115,1,115,Deadlift,
2025-09-09,Deadlift (Barbell),102.5,1,102.5,Deadlift,
2025-09-09,Deadlift (Barbell),92.5,1,92.5,Deadlift,
2025-09-09,Long Pause Bench Press,90,3,270,,Other
2025-09-09,Long Pause Bench Press,90,3,270,,Other
2025-09-11,Deadlift (Barbell),185,1,185,Deadlift,
2025-09-11,Deadlift (Barbell),207.5,1,207.5,Deadlift,
2025-09-11,Deadlift (Barbell),217.5,1,217.5,Deadlift,
2025-09-11,Deadlift (Barbell),195,1,195,Deadlift,
2025-09-15,Squat (Barbell),170,1,170,Squat,
2025-09-15,Squat (Barbell),177.5,1,177.5,Squat,
2025-09-15,Bench Press (Barbell),97.5,1,97.5,Bench,
2025-09-15,Squat (Barbell),145,1,145,Squat,
2025-09-15,Bench Press (Barbell),115,1,115,Bench,
2025-09-15,Deadlift (Barbell),175,1,175,Deadlift,
2025-09-15,Deadlift (Barbell),215,1,215,Deadlift,
2025-09-15,Deadlift (Barbell),220,1,220,Deadlift,
2025-09-15,Bench Press (Barbell),112.5,1,112.5,Bench,
2025-09-20,Hack Squat,79.4,1,79.4,,Leg Accessory
2025-09-20,Hack Squat,76,1,76,,Leg Accessory
2025-09-20,Hack Squat,71.4,1,71.4,,Leg Accessory
2025-09-22,Squat (Barbell),145,1,145,Squat,
2025-09-22,Bench Press (Barbell),105,1,105,Bench,
2025-09-22,Bench Press (Barbell),102.5,1,102.5,Bench,
2025-09-22,Bench Press (Barbell),95,1,95,Bench,
2025-09-22,Squat (Barbell),162.5,1,162.5,Squat,
2025-09-22,Squat (Barbell),157.5,1,157.5,Squat,
2025-09-30,Squat (Barbell),145,1,145,Squat,
2025-09-30,Bench Press (Barbell),97.5,1,97.5,Bench,
2025-10-04,Squat (Barbell),145,1,145,Squat,
2025-10-04,Squat (Barbell),175,1,175,Squat,
2025-10-04,Squat (Barbell),155,1,155,Squat,
2025-10-04,Bench Press (Barbell),97.5,1,97.5,Bench,
2025-10-04,Deadlift (Barbell),185,1,185,Deadlift,
2025-10-04,Bench Press (Barbell),107.5,1,107.5,Bench,
2025-10-04,Deadlift (Barbell),175,1,175,Deadlift,
2025-10-04,Deadlift (Barbell),200,1,200,Deadlift,
2025-10-04,Bench Press (Barbell),97.5,1,97.5,Bench,
2025-10-13,Chest Supported Row (Machine),81.6,10,816,,Back
2025-10-13,Chest Supported Row (Machine),81.6,10,816,,Back
2025-10-13,Chest Supported Row (Machine),81.6,10,816,,Back
2025-10-13,Chest Supported Row (Machine),81.6,10,816,,Back
2025-10-13,Bench Press (Barbell),95,3,285,Bench,
2025-10-13,Bench Press (Barbell),95,3,285,Bench,
2025-10-13,Leg Press,163.3,10,1633,,Leg Accessory
2025-10-13,Leg Press,163.3,10,1633,,Leg Accessory
2025-10-13,Leg Press,163.3,10,1633,,Leg Accessory
2025-10-13,Squat (Barbell),160,3,480,Squat,
2025-10-16,Bench Press (Close Grip),89.6,6,537.6,,Tricep
2025-10-16,Bench Press (Close Grip),89.6,6,537.6,,Tricep
2025-10-16,Spoto Press,90,4,360,,Other
2025-10-16,Chest Supported Row (Machine),54.4,8,435.2,,Back
2025-10-16,Spoto Press,90,4,360,,Other
2025-10-16,Chest Supported Row (Machine),63.5,8,508,,Back
2025-10-16,Chest Supported Row (Machine),81.6,8,652.8,,Back
2025-10-16,Tricep Extension (Cable),70,12,840,,Tricep
2025-10-16,Tricep Extension (Cable),70,12,840,,Tricep
2025-10-16,Chest Supported Row (Machine),54.4,8,435.2,,Back
2025-10-17,Deadlift (Barbell),185,1,185,Deadlift,
2025-10-17,Deadlift (Barbell),162.5,1,162.5,Deadlift,
2025-10-17,Bench Press (Paused),44.2,3,132.6,,Other
2025-10-17,Bench Press (Paused),44.2,3,132.6,,Other
2025-10-21,Squat (Barbell),155,3,465,Squat,
2025-10-21,Squat (Barbell),160,3,480,Squat,
2025-10-21,Chest Supported Row (Machine),90.7,10,907,,Back
2025-10-21,Chest Supported Row (Machine),90.7,10,907,,Back
2025-10-21,Chest Supported Row (Machine),90.7,10,907,,Back
2025-10-23,Romanian Deadlift (Barbell),102.5,8,820,,Leg Accessory
2025-10-23,Romanian Deadlift (Barbell),102.5,8,820,,Leg Accessory
2025-10-23,Romanian Deadlift (Barbell),102.5,8,820,,Leg Accessory
2025-10-23,Spoto Press,100,3,300,,Other
2025-10-23,Spoto Press,100,3,300,,Other
2025-10-25,Hack Squat,181.4,8,1451.2,,Leg Accessory
2025-10-25,Hack Squat,71.4,3,214.2,,Leg Accessory
2025-10-25,Leg Press,163.3,10,1633,,Leg Accessory
2025-10-25,Leg Press,163.3,10,1633,,Leg Accessory
2025-10-27,Leg Press,163.3,10,1633,,Leg Accessory
2025-10-27,Leg Press,163.3,10,1633,,Leg Accessory
2025-10-27,Bench Press (Barbell),95,3,285,Bench,
2025-10-27,Bench Press (Barbell),95,3,285,Bench,
2025-10-27,Squat (Barbell),155,3,465,Squat,
2025-10-27,Squat (Barbell),150,1,150,Squat,
2025-10-30,Bench Press (Close Grip),90.7,6,544.2,,Tricep
2025-10-30,Single Leg Press,68,8,544,,Leg Accessory
2025-10-30,Single Leg Press,72.6,8,580.8,,Leg Accessory
2025-10-30,Spoto Press,100,3,300,,Other
2025-10-30,Spoto Press,90.7,4,362.8,,Other
2025-10-30,Stiff Leg Deficit Deadlift,102.1,8,816.8,,Other
2025-10-30,Stiff Leg Deficit Deadlift,102.1,8,816.8,,Other
2025-10-30,Stiff Leg Deficit Deadlift,102.1,8,816.8,,Other
2025-10-30,Stiff Leg Deficit Deadlift,102.1,8,816.8,,Other
2025-10-30,Bench Press (Close Grip),89.6,6,537.6,,Tricep
2025-11-01,Romanian Deadlift (Barbell),102.1,6,612.6,,Leg Accessory
2025-11-01,Back Extension,31.8,10,318,,Back
2025-11-01,Bench Press (Barbell),95.3,2,190.6,Bench,
2025-11-01,Romanian Deadlift (Barbell),102.5,8,820,,Leg Accessory
2025-11-01,Back Extension,11.3,10,113,,Back
2025-11-01,Bench Press (Barbell),95,3,285,Bench,
2025-11-01,Pendlay Row,83.9,6,503.4,,Back
2025-11-01,Split Squat (Dumbbell),27.2,8,217.6,Squat,
2025-11-01,Split Squat (Dumbbell),27.2,8,217.6,Squat,
2025-11-01,Pendlay Row,83.9,8,671.2,,Back
2025-11-01,Hack Squat,181.4,8,1451.2,,Leg Accessory
2025-11-01,Hack Squat,181.4,8,1451.2,,Leg Accessory
2025-11-04,Bench Press (Barbell),95.25,2,190.5,Bench,
2025-11-04,Squat (Barbell),122,8,976,Squat,
2025-11-04,Leg Press,163.3,8,1306.4,,Leg Accessory
2025-11-04,Leg Press,163.3,8,1306.4,,Leg Accessory
2025-11-04,Bench Press (Barbell),95.25,2,190.5,Bench,
2025-11-04,Lat Pulldown,77.1,10,771,,Back
2025-11-04,Leg Press,186,8,1488,,Leg Accessory
2025-11-04,Chest Supported Row (Machine),81.6,10,816,,Back
2025-11-04,Squat (Barbell),143.5,8,1148,Squat,
2025-11-04,Lat Pulldown,68,8,544,,Back
2025-11-04,Chest Supported Row (Machine),90.7,10,907,,Back
2025-11-06,Stiff Leg Deficit Deadlift,111.1,8,888.8,,Other
2025-11-06,Stiff Leg Deficit Deadlift,111.1,8,888.8,,Other
2025-11-06,Stiff Leg Deficit Deadlift,111.1,8,888.8,,Other
2025-11-06,Bench Press (Close Grip),93,6,558,,Tricep
2025-11-06,Spoto Press,93,4,372,,Other
2025-11-06,Spoto Press,93,4,372,,Other
2025-11-06,Single Leg Press,90.7,8,725.6,,Leg Accessory
2025-11-06,Single Leg Press,90.7,8,725.6,,Leg Accessory
2025-11-06,Bench Press (Close Grip),93,6,558,,Tricep
2025-11-08,Bench Press (Barbell),99.8,2,199.6,Bench,
2025-11-08,Bench Press (Barbell),99.8,2,199.6,Bench,
2025-11-08,Romanian Deadlift (Barbell),102.1,6,612.6,,Leg Accessory
2025-11-08,Romanian Deadlift (Barbell),102.1,6,612.6,,Leg Accessory
2025-11-08,Romanian Deadlift (Barbell),102.1,6,612.6,,Leg Accessory
2025-11-11,Squat (Barbell),155,4,620,Squat,
2025-11-11,Squat (Barbell),155,4,620,Squat,
2025-11-11,Bench Press (Barbell),102.5,3,307.5,Bench,
2025-11-11,Bench Press (Barbell),102.5,3,307.5,Bench,
2025-11-13,Bench Press (Close Grip),94.1,6,564.6,,Tricep
2025-11-13,Bench Press (Close Grip),94.1,6,564.6,,Tricep
2025-11-13,Spoto Press,94.1,4,376.4,,Other
2025-11-13,Spoto Press,94.1,4,376.4,,Other
2025-11-18,Squat (Barbell),136,3,408,Squat,
2025-11-18,Squat (Barbell),155,4,620,Squat,
2025-11-18,Bench Press (Barbell),102.5,3,307.5,Bench,
2025-11-18,Bench Press (Barbell),102.5,3,307.5,Bench,
2025-11-20,Deadlift (Barbell),185,1,185,Deadlift,
2025-11-20,Deadlift (Barbell),162.5,1,162.5,Deadlift,
2025-11-20,Bench Press (Close Grip),95.3,4,381.2,,Tricep
2025-11-20,Bench Press (Close Grip),95.3,4,381.2,,Tricep
2025-11-20,Spoto Press,95.3,2,190.6,,Other
2025-11-20,Spoto Press,95.3,2,190.6,,Other
2025-11-25,Chest Supported Row (Machine),81.6,10,816,,Back
2025-11-25,Chest Supported Row (Machine),81.6,10,816,,Back
2025-11-25,Squat (Barbell),140,3,420,Squat,
2025-11-25,Squat (Barbell),140,3,420,Squat,
2025-11-25,Bench Press (Barbell),107.5,3,322.5,Bench,
2025-11-25,Bench Press (Barbell),107.5,3,322.5,Bench,